item_id,forecast_start,MSE,abs_error,abs_target_sum,abs_target_mean,seasonal_error,MASE,MAPE,sMAPE,num_masked_target_values,ND,MSIS,QuantileLoss[0.1],Coverage[0.1],QuantileLoss[0.5],Coverage[0.5],QuantileLoss[0.9],Coverage[0.9]
,2017-01,4706606.98177112,12984.099793783831,1033.0,172.16666666666666,869.123595505618,2.489883652322631,15.781173079890296,1.7354707096930466,0.0,12.569312481881735,99.59534609290523,23371.379628810893,1.0,12984.099793783831,1.0,2596.8199587567656,1.0
,2017-02,4306422.333372428,12419.9779232125,830.0,138.33333333333334,864.3631284916202,2.3948225604529414,20.347134331755036,1.7761795966747786,0.0,14.96382882314759,95.79290241811766,22355.960261782504,1.0,12419.9779232125,1.0,2483.9955846424996,1.0
,2017-03,4158381.787955057,12205.09582805214,639.0,106.5,860.6388888888889,2.363572764687501,24.34611161120886,1.8194681894695799,0.0,19.100306460175496,94.54291058750003,21969.172490493853,1.0,12205.09582805214,1.0,2441.0191656104275,1.0
,2017-04,4010929.1890252642,12001.68259210722,464.0,77.33333333333333,856.6685082872929,2.3349526831760867,31.89420099089719,1.8603173944228395,0.0,25.865695241610386,93.39810732704345,21603.028665792997,1.0,12001.68259210722,1.0,2400.3365184214435,1.0
,2017-05,3979587.057111914,11956.88558039882,415.0,69.16666666666667,852.4120879120879,2.3378531248671464,32.77450108840506,1.8717655750279132,0.0,28.811772482888724,93.51412499468584,21522.394044717876,1.0,11956.88558039882,1.0,2391.3771160797633,1.0
,2017-06,4026222.4951724843,12023.00232282589,538.0,89.66666666666667,847.8907103825137,2.363316045256565,30.598727928415247,1.8431358377461085,0.0,22.34758796064292,94.53264181026259,21641.404181086604,1.0,12023.00232282589,1.0,2404.6004645651774,1.0
,2017-07,4120210.1499652024,12164.710827226409,809.0,134.83333333333334,843.3097826086956,2.4041601868604117,26.70062990778311,1.7823121440502032,0.0,15.036725373580234,96.16640747441647,21896.479489007535,1.0,12164.710827226409,1.0,2432.9421654452817,1.0
,2017-01,2874297.8244570014,10170.715211498311,1995.0,332.5,2205.5898876404494,0.7685559366296478,5.798029091862554,1.450126400535253,0.0,5.098102862906422,30.742237465185905,18307.28738069696,1.0,10170.715211498311,1.0,2034.1430422996614,1.0
,2017-02,3014032.65268101,10397.52156075669,2045.0,340.8333333333333,2263.8603351955308,0.7654713646354168,5.645322057771015,1.4446080768375247,0.0,5.084362621396914,30.618854585416678,18715.538809362042,1.0,10397.52156075669,1.0,2079.5043121513377,1.0
,2017-03,3065710.8207648196,10486.72143028446,2056.0,342.6666666666667,2307.95,0.7572897614971772,5.650550766528482,1.4448426204173712,0.0,5.10054544274536,30.291590459887086,18876.09857451203,1.0,10486.72143028446,1.0,2097.3442860568916,1.0
,2017-04,3176130.0383396237,10675.223065015662,1947.0,324.5,2341.292817679558,0.7599236758145594,6.381697501767486,1.4764274284315915,0.0,5.482908610691146,30.39694703258237,19215.40151702819,1.0,10675.223065015662,1.0,2135.0446130031314,1.0
,2017-05,3192562.0200296305,10703.531251001812,1857.0,309.5,2354.7582417582416,0.7575817523564359,6.844304153484182,1.4982947142553378,0.0,5.763883280022516,30.30327009425743,19266.35625180326,1.0,10703.531251001812,1.0,2140.7062502003614,1.0
,2017-06,3127661.7797869896,10584.59683039535,1694.0,282.3333333333333,2349.6284153005463,0.7507993435238177,7.072611347126088,1.5227087550684661,0.0,6.248286204483678,30.031973740952715,19052.274294711635,1.0,10584.59683039535,1.0,2116.9193660790697,1.0
,2017-07,3063413.6763107614,10463.76342101365,1575.0,262.5,2339.9021739130435,0.7453134535331867,7.192115002153095,1.537639360992242,0.0,6.643659314929301,29.812538141327472,18834.77415782457,1.0,10463.76342101365,1.0,2092.7526842027296,1.0
,2017-01,4414168.845061454,12550.60380094324,728.0,121.33333333333333,202.80337078651687,10.314262983129248,20.065225232646515,1.7975515391134766,0.0,17.239840385911045,412.57051932517,22591.086841697834,1.0,12550.60380094324,1.0,2510.120760188647,1.0
,2017-02,4085939.451225638,12075.01792380232,657.0,109.5,201.68156424581005,9.978616512749486,25.875379233426496,1.81361463144505,0.0,18.379022715072022,399.1446605099795,21735.032262844175,1.0,12075.01792380232,1.0,2415.003584760464,1.0
,2017-03,3765423.33225638,11617.513037118579,492.0,82.0,201.11111111111111,9.627773235181142,41.095222726129485,1.8525727729897445,0.0,23.612831376257272,385.11092940724575,20911.523466813447,1.0,11617.513037118579,1.0,2323.5026074237153,1.0
,2017-04,3589260.95684622,11355.39765663735,314.0,52.333333333333336,201.24861878453038,9.404120572536835,56.72466860927752,1.8977844421332766,0.0,36.163686804577544,376.16482290147337,20439.715781947227,1.0,11355.39765663735,1.0,2271.0795313274693,1.0
,2017-05,3561778.95684128,11315.362896408289,287.0,47.833333333333336,201.46703296703296,9.36080602515572,58.80565993644708,1.9051307988091075,0.0,39.42635155542958,374.43224100622876,20367.653213534923,1.0,11315.362896408289,1.0,2263.072579281658,1.0
,2017-06,3864834.8796685985,11752.23284454134,210.0,35.0,200.91803278688525,9.748778877244094,68.67948597417093,1.931004566814506,0.0,55.963013545434954,389.95115508976374,21154.01912017441,1.0,11752.23284454134,1.0,2350.4465689082676,1.0
,2017-07,4311370.085749035,12379.3618575639,176.0,29.333333333333332,199.97282608695653,10.317536720531582,79.86214874845898,1.9446063824520914,0.0,70.33728328161307,412.70146882126335,22282.85134361502,1.0,12379.3618575639,1.0,2475.872371512779,1.0
,2017-01,3509627.2278404306,11236.738448699161,835.0,139.16666666666666,150.52808988764045,12.4414635357944,18.583554736737252,1.7484547785258278,0.0,13.457171794849295,497.65854143177586,20226.12920765849,1.0,11236.738448699161,1.0,2247.347689739832,1.0
,2017-02,3460008.500005726,11157.43576772001,723.0,120.5,149.80446927374302,12.413332105301023,23.644324143972582,1.7799568890405382,0.0,15.432137991313983,496.5332842120409,20083.38438189602,1.0,11157.43576772001,1.0,2231.4871535440016,1.0
,2017-03,3374901.355535501,11020.43109413475,579.0,96.5,149.69444444444446,12.26991771475385,25.83035615742665,1.815164258116156,0.0,19.033559748073834,490.79670859015397,19836.77596944255,1.0,11020.43109413475,1.0,2204.0862188269493,1.0
,2017-04,3357937.269990467,10992.95477898711,430.0,71.66666666666667,150.28729281767957,12.191044868003987,30.175703767351866,1.8564016091429316,0.0,25.56501111392351,487.6417947201595,19787.318602176794,1.0,10992.95477898711,1.0,2198.5909557974214,1.0
,2017-05,3424282.6623392366,11100.72522434538,362.0,60.333333333333336,151.52747252747253,12.20980486154942,32.30986051618422,1.87787623449936,0.0,30.664986807583922,488.3921944619767,19981.305403821683,1.0,11100.72522434538,1.0,2220.1450448690757,1.0
,2017-06,3591599.1788907307,11349.44685246744,392.0,65.33333333333333,151.56830601092895,12.480013303538845,30.97239672879678,1.8718585287817298,0.0,28.952670542008775,499.20053214155377,20429.00433444139,1.0,11349.44685246744,1.0,2269.8893704934876,1.0
,2017-07,3862968.74805339,11749.452756541008,427.0,71.16666666666667,151.27717391304347,12.944729700039193,29.2377668479633,1.8655233055206886,0.0,27.516282802203765,517.7891880015678,21149.014961773813,1.0,11749.452756541008,1.0,2349.8905513082013,1.0
,2017-01,1185552.271189864,6400.154687496501,8162.0,1360.3333333333333,2820.6573033707864,0.3781715866870278,0.9246723436086665,0.5924704157063191,0.0,0.7841404909944255,15.126863467481112,11520.2784374937,1.0,6400.154687496501,1.0,1280.0309374992996,1.0
,2017-02,1415373.2453359023,7057.067121363591,6889.0,1148.1666666666667,2839.9385474860337,0.414156093131583,1.2519479969770269,0.7184542846191957,0.0,1.0243964467068647,16.56624372526332,12702.720818454462,1.0,7057.067121363591,1.0,1411.4134242727175,1.0
,2017-03,1573833.4442534868,7438.77156778906,5764.0,960.6666666666666,2939.177777777778,0.42181703695226896,1.6582825465819921,0.8380313657273822,0.0,1.290557176923848,16.872681478090758,13389.78882202031,1.0,7438.77156778906,1.0,1487.7543135578117,1.0
,2017-04,1733538.314611831,7774.97356014539,4756.0,792.6666666666666,3041.779005524862,0.4260102145281596,2.2688890678245888,0.9646011017670885,0.0,1.6347715643703513,17.040408581126385,13994.952408261703,1.0,7774.97356014539,1.0,1554.9947120290776,1.0
,2017-05,1993116.1383565124,8333.3067142516,3723.0,620.5,3072.543956043956,0.45203078369089317,2.892329842557982,1.1010682960222764,0.0,2.2383311077764168,18.08123134763573,14999.952085652882,1.0,8333.3067142516,1.0,1666.6613428503197,1.0
,2017-06,2373568.421151684,9201.819656199501,2754.0,459.0,3071.562841530055,0.4993017198380433,3.649723219654632,1.2579640459655723,0.0,3.341256229556827,19.97206879352173,16563.2753811591,1.0,9201.819656199501,1.0,1840.3639312398996,1.0
,2017-07,2706324.2050810414,9799.303438131481,2480.0,413.3333333333333,3061.0271739130435,0.5335520225391426,4.163896722677664,1.3278358007615307,0.0,3.9513320315046294,21.3420809015657,17638.746188636665,1.0,9799.303438131481,1.0,1959.8606876262957,1.0
,2017-01,28305136.761525273,23767.03357984258,35710.0,5951.666666666667,2303.38202247191,1.7197200571428022,0.5205578429401544,0.7920121076400033,0.0,0.6655568070524386,68.7888022857121,4753.406715968516,0.0,23767.03357984258,0.0,42780.660443716646,0.0
,2017-02,28385411.775568787,24376.274673778942,35015.0,5835.833333333333,2292.5195530726255,1.772160433783275,0.601557361424519,0.85426916086357,0.0,0.6961666335507337,70.88641735133099,5995.1068991617885,0.16666666666666666,24376.274673778942,0.16666666666666666,42757.442448396105,0.16666666666666666
,2017-03,28024979.016209584,23685.24127967834,31776.0,5296.0,2280.5,1.7309976817714199,0.8242693506474484,0.9054631875541362,0.0,0.7453814602114281,69.2399072708568,7807.682244803685,0.3333333333333333,23685.24127967834,0.3333333333333333,39562.80031455301,0.3333333333333333
,2017-04,23786956.24910365,19921.55265914996,24869.0,4144.833333333333,2276.657458563536,1.4583918911630742,1.3355385906797448,0.9359759496015548,0.0,0.8010596589790485,58.33567564652298,9448.933121967497,0.5,19921.55265914996,0.5,30394.172196332423,0.5
,2017-05,5358225.15822971,10859.70523073185,12564.0,2094.0,2279.9835164835163,0.7938438408450341,2.0154758339132193,0.9305251253576089,0.0,0.8643509416373647,31.753753633801363,10148.661347404402,0.6666666666666666,10859.70523073185,0.6666666666666666,11570.7491140593,0.6666666666666666
,2017-06,1653204.9433569775,7448.29573507476,5908.0,984.6666666666666,2295.2131147540986,0.5408572365383411,2.6906930481871583,0.9814256197216092,0.0,1.2607135638244347,21.63428946153364,11950.374771768857,0.8333333333333334,7448.29573507476,0.8333333333333334,2946.2166983806637,0.8333333333333334
,2017-07,1939275.1855485954,8133.301705481081,3323.0,553.8333333333334,2309.429347826087,0.5869633056853867,3.533308033072686,1.1618015008987566,0.0,2.447578003455035,23.478532227415464,14639.943069865943,1.0,8133.301705481081,1.0,1626.6603410962157,1.0
,2017-01,2703930.488453274,9704.175424006991,3321.0,553.5,442.9555555555556,3.6512976310666954,4.614322997002391,1.2151883685158242,0.0,2.9220642649825326,146.05190524266777,17467.515763212585,1.0,9704.175424006991,1.0,1940.8350848013977,1.0
,2017-02,2420040.861394467,9254.54544785538,3355.0,559.1666666666666,449.42541436464086,3.431991587502405,3.937653356382898,1.195642773278453,0.0,2.758433814561961,137.27966350009623,16658.181806139684,1.0,9254.54544785538,1.0,1850.9090895710758,1.0
,2017-03,2439015.8857402806,9284.31657689962,3239.0,539.8333333333334,471.6043956043956,3.281110419182688,4.996512655544865,1.224192051512645,0.0,2.8664145035194877,131.2444167673075,16711.769838419317,1.0,9284.31657689962,1.0,1856.8633153799237,1.0
,2017-04,2586986.719515979,9545.86715909292,2794.0,465.6666666666667,496.9672131147541,3.201373889189445,7.248045453895162,1.3263384594664487,0.0,3.4165594699688335,128.0549555675778,17182.560886367257,1.0,9545.86715909292,1.0,1909.1734318185836,1.0
,2017-05,3033012.9780249367,10271.03538592383,2289.0,381.5,509.5217391304348,3.3596981237911097,10.049177252944427,1.4467040110024234,0.0,4.487127735222293,134.38792495164438,18487.863694662894,1.0,10271.03538592383,1.0,2054.2070771847657,1.0
,2017-06,3436792.1911337026,10988.093643805529,1497.0,249.5,512.7567567567568,3.5715744678192825,12.49529059048873,1.6032661792442289,0.0,7.340075914365751,142.86297871277134,19778.568558849955,1.0,10988.093643805529,1.0,2197.6187287611056,1.0
,2017-07,3976549.618262395,11904.761526080429,864.0,144.0,510.85483870967744,3.883934868905096,14.552094490026697,1.7441436347015566,0.0,13.7786591737042,155.35739475620386,21428.570746944773,1.0,11904.761526080429,1.0,2380.9523052160853,1.0
,2017-01,1258038.5413422647,6575.2501113240105,5251.0,875.1666666666666,1924.5898876404494,0.5694070334628779,1.4216931747743304,0.7892404595825978,0.0,1.2521900802369093,22.77628133851512,11835.45020038322,1.0,6575.2501113240105,1.0,1315.0500222648018,1.0
,2017-02,1602148.5370715896,7368.760043029661,4531.0,755.1666666666666,1962.9832402234638,0.6256429747706191,2.226216083300263,0.9335951346402366,0.0,1.6262988397770162,25.025718990824764,13263.768077453391,1.0,7368.760043029661,1.0,1473.7520086059317,1.0
,2017-03,1804688.532088522,7801.27877633511,4073.0,678.8333333333334,2007.2166666666667,0.6477691975069217,2.8988073218647536,1.031739107000304,0.0,1.915364295687481,25.91076790027687,14042.3017974032,1.0,7801.27877633511,1.0,1560.2557552670216,1.0
,2017-04,2220421.272576549,8838.16148044797,2949.0,491.5,2043.3867403314916,0.720875243209727,4.268699559360176,1.2344022962836476,0.0,2.99700287570294,28.835009728389075,15908.690664806345,1.0,8838.16148044797,1.0,1767.6322960895936,1.0
,2017-05,2485752.102762751,9397.79826386554,2312.0,385.3333333333333,2063.032967032967,0.7592218523278824,5.516567312685571,1.370389781995094,0.0,4.064791636620043,30.368874093115306,16916.036874957972,1.0,9397.79826386554,1.0,1879.5596527731077,1.0
,2017-06,2694491.757014151,9830.11300628638,1752.0,292.0,2059.5956284153003,0.7954727350897428,6.4727876402798765,1.485774750210317,0.0,5.610795094912317,31.81890940358971,17694.203411315484,1.0,9830.11300628638,1.0,1966.0226012572755,1.0
,2017-07,2769239.35952948,9979.80554739483,1530.0,255.0,2048.8097826086955,0.811837652614079,6.840744070114629,1.53298766415267,0.0,6.522748723787471,32.47350610456316,17963.649985310694,1.0,9979.80554739483,1.0,1995.9611094789655,1.0
,2017-01,47659769.92080899,38521.81422796067,51163.0,8527.166666666666,3373.275280898876,1.9032844451449458,0.7254644296020714,1.156973612590363,0.0,0.7529232888603223,76.13137780579783,7704.362845592134,0.0,38521.81422796067,0.0,69339.26561032921,0.0
,2017-02,46721260.36294398,37103.33547107745,49471.0,8245.166666666666,3418.7206703910615,1.8088313850081852,0.7002336431549138,1.1131148629058982,0.0,0.7500017277006216,72.3532554003274,7420.66709421549,0.0,37103.33547107745,0.0,66786.00384793941,0.0
,2017-03,44129905.929127224,33215.29821484019,44988.0,7498.0,3533.9166666666665,1.566500729353182,0.6008993552386731,0.9660477144372672,0.0,0.7383146220067617,62.66002917412727,6731.802187051366,0.16666666666666666,33215.29821484019,0.16666666666666666,59698.79424262902,0.16666666666666666
,2017-04,35040961.68164181,26159.449375641507,36849.0,6141.5,3641.988950276243,1.1971228602829473,0.5101428861403018,0.7927797884948036,0.0,0.7099093428761026,47.88491441131789,5859.041078638686,0.3333333333333333,26159.449375641507,0.3333333333333333,46459.857672644335,0.3333333333333333
,2017-05,25198485.433417857,18587.095013688027,29082.0,4847.0,3693.1098901098903,0.8388185732691065,0.3884101478685216,0.586206279304303,0.0,0.6391271237771827,33.55274293076426,4344.57020624799,0.3333333333333333,18587.095013688027,0.3333333333333333,32829.61982112807,0.3333333333333333
,2017-06,7070993.815095446,8191.75567876639,18686.0,3114.3333333333335,3678.8360655737706,0.37112080799251196,0.25056589381658323,0.34552824485890876,0.0,0.4383900074262223,14.84483231970048,2319.5165315205745,0.5,8191.75567876639,0.5,14063.99482601221,0.5
,2017-07,298256.93103768583,1993.4186215663303,12264.0,2044.0,3678.858695652174,0.09030964883766054,0.13801969146548584,0.15097993221711942,0.0,0.16254228812510849,3.6123859535064216,1365.9954214807706,0.6666666666666666,1993.4186215663303,0.6666666666666666,2620.8418216518903,0.6666666666666666
,2017-01,1749564.585873372,7472.4117876458595,6162.0,1027.0,583.0449438202247,2.1360308117029976,1.8628294685799378,0.8133782883161689,0.0,1.2126601408058844,85.4412324681199,13450.341217762549,1.0,7472.4117876458595,1.0,1494.4823575291716,1.0
,2017-02,1407131.321560209,6909.88433659509,6072.0,1012.0,592.8826815642458,1.9424540895578857,1.8107936786465058,0.8091089735430957,0.0,1.1379914915341056,77.69816358231543,12437.791805871162,1.0,6909.88433659509,1.0,1381.9768673190179,1.0
,2017-03,1736821.674176622,7693.47402407516,4752.0,792.0,614.5055555555556,2.086629907714918,2.684346430138326,0.9857172898807387,0.0,1.6189970589383753,83.46519630859672,13848.253243335288,1.0,7693.47402407516,1.0,1538.6948048150318,1.0
,2017-04,2198904.3492862186,8786.33382320964,3224.0,537.3333333333334,645.3425414364641,2.2691654067549387,4.392778872224888,1.2080124787348827,0.0,2.7252896473975308,90.76661627019755,15815.400881777352,1.0,8786.33382320964,1.0,1757.2667646419277,1.0
,2017-05,2618055.5309113157,9544.13376919517,2400.0,400.0,673.8846153846154,2.360476742186276,6.90724512078032,1.370818648009225,0.0,3.976722403831321,94.41906968745104,17179.440784551305,1.0,9544.13376919517,1.0,1908.8267538390337,1.0
,2017-06,3199884.948125525,10603.04140640835,1609.0,268.1666666666667,679.9289617486339,2.5990561766775273,8.823900926597009,1.5361913466690738,0.0,6.5898330679977315,103.96224706710107,19085.47453153503,1.0,10603.04140640835,1.0,2120.60828128167,1.0
,2017-07,3819817.2750344235,11597.43673529325,1247.0,207.83333333333334,679.8423913043479,2.8431679860980643,10.652482706860225,1.6395560806255431,0.0,9.300270036321772,113.72671944392258,20875.386123527853,1.0,11597.43673529325,1.0,2319.4873470586494,1.0
,2017-01,1641120.6997483745,7008.963657551089,7347.0,1224.5,1723.2134831460673,0.6778966280249501,1.283127805284141,0.6747533489634819,0.0,0.9539898812509989,27.115865120998006,12616.134583591962,1.0,7008.963657551089,1.0,1401.792731510218,1.0
,2017-02,2108131.553552262,7858.3844646074795,6623.0,1103.8333333333333,1739.3072625698323,0.7530186139544516,2.1647021349890943,0.806139832995001,0.0,1.1865294375067914,30.12074455817807,14145.092036293463,1.0,7858.3844646074795,1.0,1571.6768929214957,1.0
,2017-03,2581307.1509292074,8980.318615141621,5452.0,908.6666666666666,1758.6722222222222,0.851051008981677,3.051963503382421,0.9901176057328832,0.0,1.6471604209724178,34.04204035926708,16164.573507254916,1.0,8980.318615141621,1.0,1796.0637230283237,1.0
,2017-04,3254978.7465900495,10576.238595952591,3753.0,625.5,1759.7127071823204,1.0017012580884515,4.697479037416777,1.2319141696439255,0.0,2.8180758315887533,40.06805032353806,19037.229472714662,1.0,10576.238595952591,1.0,2115.2477191905173,1.0
,2017-05,3711408.760047885,11526.867657560098,2625.0,437.5,1750.8351648351647,1.097273260315296,5.873156153912883,1.410321243546161,0.0,4.391187679070514,43.890930412611844,20748.36178360818,1.0,11526.867657560098,1.0,2305.3735315120193,1.0
,2017-06,3753581.0559234093,11601.29416076789,2007.0,334.5,1742.863387978142,1.1094094007205673,6.465288916908686,1.4964810158103594,0.0,5.780415625694015,44.3763760288227,20882.329489382202,1.0,11601.29416076789,1.0,2320.2588321535773,1.0
,2017-07,3498115.2188551915,11167.5548438606,1995.0,332.5,1734.891304347826,1.0728390510569255,6.352381721503107,1.4783812030902512,0.0,5.597771851559198,42.91356204227702,20101.59871894908,1.0,11167.5548438606,1.0,2233.5109687721197,1.0
,2017-01,3582887.1611835468,9835.639298179121,22088.0,3681.3333333333335,10055.58988764045,0.16302108923297023,0.4115909479933857,0.518711454770802,0.0,0.4452933401928251,6.520843569318808,2762.839831491232,0.16666666666666666,9835.639298179121,0.16666666666666666,16908.43876486701,0.16666666666666666
,2017-02,3512787.2123308457,9678.8706246736,18988.0,3164.6666666666665,10274.061452513966,0.15701143229171022,0.6787435927371267,0.6064858222044666,0.0,0.5097361820451654,6.28045729166841,4752.4167700835205,0.3333333333333333,9678.8706246736,0.3333333333333333,14605.324479263678,0.3333333333333333
,2017-03,3039689.9952821136,8927.087374488981,15110.0,2518.3333333333335,10919.638888888889,0.1362543130672664,1.0468913792993078,0.6842993883766622,0.0,0.5908065767365309,5.4501725226906546,7021.273632958406,0.5,8927.087374488981,0.5,10832.901116019557,0.5
,2017-04,1575141.1196739173,7100.83977169735,10192.0,1698.6666666666667,11740.132596685084,0.10080578609623664,1.419139615323789,0.7337819890427989,0.0,0.696707198949897,4.032231443849465,9044.358723156176,0.6666666666666666,7100.83977169735,0.6666666666666666,5157.320820238528,0.6666666666666666
,2017-05,1534121.6150366403,7021.758611788251,7183.0,1197.1666666666667,12347.241758241758,0.09478174355689928,1.71356398041595,0.8166399536338559,0.0,0.9775523613794029,3.7912697422759707,11455.044057381074,0.8333333333333334,7021.758611788251,0.8333333333333334,2588.473166195426,0.8333333333333334
,2017-06,1827816.6232463617,7801.512433592139,4800.0,800.0,12513.387978142076,0.10390887540101759,2.016822528168035,0.9408110698568506,0.0,1.6253150903316957,4.156355016040704,14042.722380465853,1.0,7801.512433592139,1.0,1560.3024867184279,1.0
,2017-07,2054081.1036620345,8571.044473874168,4218.0,703.0,12483.635869565218,0.11443039730075959,2.163824084002309,1.021103246757033,0.0,2.0320162337302436,4.5772158920303845,15427.880052973505,1.0,8571.044473874168,1.0,1714.2088947748339,1.0
,2017-01,2617736.104141233,8917.852214439521,6557.0,1092.8333333333333,557.3876404494382,2.66656200199942,3.1394905852953734,0.9234553809698461,0.0,1.3600506656152997,106.6624800799768,16052.133985991137,1.0,8917.852214439521,1.0,1783.5704428879035,1.0
,2017-02,3085214.652551314,9858.23497133177,5139.0,856.5,554.5027932960894,2.9630854555700865,4.781702116929367,1.1229633013664198,0.0,1.9183177605237927,118.52341822280346,17744.822948397188,1.0,9858.23497133177,1.0,1971.6469942663534,1.0
,2017-03,3507547.935735214,11059.99677490981,3285.0,547.5,553.4388888888889,3.3306889574006395,5.764078401642912,1.341936440579021,0.0,3.366817891905574,133.2275582960256,19907.994194837658,1.0,11059.99677490981,1.0,2211.999354981962,1.0
,2017-04,3806268.129018858,11659.482626641191,1866.0,311.0,555.3204419889503,3.499325718102891,7.7880570884075055,1.538152904572553,0.0,6.248382972476523,139.97302872411566,20987.068727954145,1.0,11659.482626641191,1.0,2331.8965253282377,1.0
,2017-05,3524631.8658030364,11224.59247991158,1475.0,245.83333333333334,560.0,3.3406525237832083,8.641843629845054,1.5938085262337325,0.0,7.609893206719716,133.62610095132837,20204.266463840846,1.0,11224.59247991158,1.0,2244.9184959823156,1.0
,2017-06,3368738.2558908896,10972.675819861,1218.0,203.0,561.1912568306011,3.2587451800985465,9.389939389234614,1.6368990310262923,0.0,9.008765040936781,130.34980720394185,19750.8164757498,1.0,10972.675819861,1.0,2194.5351639721994,1.0
,2017-07,3349268.4070852273,10944.748545900211,1170.0,195.0,559.5652173913044,3.259896614292992,9.766744553409229,1.6469718566536067,0.0,9.354485936666848,130.39586457171967,19700.54738262038,1.0,10944.748545900211,1.0,2188.9497091800413,1.0
,2017-01,2956214.69741285,10162.47208153883,2641.0,440.1666666666667,1137.9325842696628,1.4884408534712996,4.986052909363081,1.3178255955025293,0.0,3.8479636810067515,59.53763413885198,18292.449746769897,1.0,10162.47208153883,1.0,2032.4944163077657,1.0
,2017-02,2396768.2398014595,9255.589048898419,2934.0,489.0,1166.7765363128492,1.32210249932793,3.3768174931507873,1.2284366803522648,0.0,3.1545974945120716,52.88409997311721,16660.060288017157,1.0,9255.589048898419,1.0,1851.1178097796837,1.0
,2017-03,2204542.3010559687,8895.12056950851,3197.0,532.8333333333334,1209.2166666666667,1.2260169213552177,2.8303388763636264,1.1655892541006385,0.0,2.782333615736162,49.0406768542087,16011.217025115318,1.0,8895.12056950851,1.0,1779.0241139017016,1.0
,2017-04,2236385.5158614167,8956.88216566391,2902.0,483.6666666666667,1265.0994475138123,1.179997111856315,3.209139931806403,1.2172990348476562,0.0,3.0864514699048624,47.199884474252606,16122.387898195038,1.0,8956.88216566391,1.0,1791.3764331327816,1.0
,2017-05,2275658.6173407207,9027.687821615811,2855.0,475.8333333333333,1300.89010989011,1.1566039479407433,3.3146941104267778,1.2288584960043194,0.0,3.162062284278743,46.264157917629724,16249.83807890846,1.0,9027.687821615811,1.0,1805.5375643231616,1.0
,2017-06,2450851.944415629,9340.93703347783,2687.0,447.8333333333333,1317.2896174863388,1.181837933167432,3.637242606683548,1.270272065333223,0.0,3.476344262552226,47.27351732669728,16813.686660260097,1.0,9340.93703347783,1.0,1868.1874066955656,1.0
,2017-07,2748003.8170608114,9872.115069927611,2472.0,412.0,1323.1521739130435,1.2435096613178622,4.257282222833931,1.3321651407661246,0.0,3.993574057414082,49.74038645271449,17769.8071258697,1.0,9872.115069927611,1.0,1974.4230139855215,1.0
,2017-01,2277354.557180989,8991.290380754519,3029.0,504.8333333333333,2285.561797752809,0.655658664869972,3.4759190907251636,1.2010276081775113,0.0,2.9684022386115942,26.226346594798883,16184.322685358136,1.0,8991.290380754519,1.0,1798.2580761509037,1.0
,2017-02,2534552.492721666,9459.47563562064,2689.0,448.1666666666667,2330.731843575419,0.6764310003955305,5.011636862781255,1.2910652280408461,0.0,3.517841441286962,27.057240015821222,17027.056144117152,1.0,9459.47563562064,1.0,1891.8951271241274,1.0
,2017-03,2775981.82441265,9920.888530954211,2288.0,381.3333333333333,2422.7055555555557,0.6824937591091371,6.221060719942725,1.3893711732797496,0.0,4.3360526796128545,27.299750364365483,17857.59935571758,1.0,9920.888530954211,1.0,1984.1777061908415,1.0
,2017-04,3024742.5934154876,10382.19364701123,1950.0,325.0,2523.8453038674033,0.6856068417440986,7.207065327535915,1.4738953490573585,0.0,5.324201870262169,27.42427366976394,18687.948564620216,1.0,10382.19364701123,1.0,2076.4387294022454,1.0
,2017-05,3106122.3930452676,10536.53700560844,1725.0,287.5,2591.945054945055,0.6775180274691301,7.664342126343229,1.5227465845078474,0.0,6.108137394555617,27.100721098765206,18965.766610095194,1.0,10536.53700560844,1.0,2107.3074011216877,1.0
,2017-06,3126576.8912341986,10577.752949413149,1487.0,247.83333333333334,2592.2677595628415,0.6800836134302329,7.915662762420982,1.5626253759415334,0.0,7.113485507339037,27.20334453720932,19039.95530894367,1.0,10577.752949413149,1.0,2115.5505898826295,1.0
,2017-07,2852641.2460334767,10072.21053520002,1813.0,302.1666666666667,2580.6141304347825,0.6505047523644467,6.98637383726951,1.4793479172788622,0.0,5.555549109321578,26.020190094577863,18129.978963360034,1.0,10072.21053520002,1.0,2014.4421070400037,1.0
,2017-01,2139094.480256947,8006.4797695607895,5284.0,880.6666666666666,2595.1404494382023,0.5141969465335384,2.055487556717518,0.8725534947619175,0.0,1.5152308420819056,20.567877861341536,14411.663585209422,1.0,8006.4797695607895,1.0,1601.2959539121575,1.0
,2017-02,1768189.9938123852,7290.862721791889,5486.0,914.3333333333334,2667.7486033519554,0.4554941141899648,1.6700755424730283,0.8059558700668731,0.0,1.328994298540264,18.219764567598595,13123.552899225402,1.0,7290.862721791889,1.0,1458.1725443583775,1.0
,2017-03,1272194.8094787567,6396.309171033789,5588.0,931.3333333333334,2747.561111111111,0.38799920562077006,1.3392763975139432,0.7476528961294348,0.0,1.1446508895908714,15.519968224830803,11513.35650786082,1.0,6396.309171033789,1.0,1279.2618342067576,1.0
,2017-04,1230465.1725450566,6309.336368040719,5232.0,872.0,2798.950276243094,0.3756965853468382,1.535071342142582,0.7891731332237087,0.0,1.2059129143808713,15.027863413873527,11356.805462473296,1.0,6309.336368040719,1.0,1261.8672736081437,1.0
,2017-05,1305072.8173442055,6463.57929600363,4858.0,809.6666666666666,2810.802197802198,0.3832582800891968,1.849885693859609,0.8494192472285649,0.0,1.3305021193914428,15.330331203567875,11634.442732806536,1.0,6463.57929600363,1.0,1292.7158592007258,1.0
,2017-06,1847957.0884399647,7783.665962639061,3939.0,656.5,2806.1693989071036,0.46229484967838497,2.5459533663549205,1.0227232106159254,0.0,1.976051272566403,18.491793987135395,14010.598732750308,1.0,7783.665962639061,1.0,1556.7331925278118,1.0
,2017-07,2467054.670715593,9236.096903647429,3029.0,504.8333333333333,2794.820652173913,0.550786499571583,3.2951042394548993,1.201873132444137,0.0,3.0492231441556386,22.03145998286332,16624.97442656537,1.0,9236.096903647429,1.0,1847.2193807294857,1.0
,2017-01,2570720.0907078255,9157.78615039377,5546.0,924.3333333333334,410.4550561797753,3.7185501037263173,2.474203396425272,0.9371824387922872,0.0,1.6512416426963161,148.7420041490527,16484.015070708785,1.0,9157.78615039377,1.0,1831.5572300787533,1.0
,2017-02,2060131.7523574845,8318.9048854235,5826.0,971.0,408.5139664804469,3.3939700018480177,1.7770597224990439,0.8588933484132205,0.0,1.4278930459017338,135.7588000739207,14974.0287937623,1.0,8318.9048854235,1.0,1663.7809770846995,1.0
,2017-03,1900800.6401512895,8062.23570754735,5657.0,942.8333333333334,406.85555555555555,3.3026609392689257,1.9905884173716941,0.8784127194424921,0.0,1.4251786649367775,132.10643757075704,14512.02427358523,1.0,8062.23570754735,1.0,1612.4471415094697,1.0
,2017-04,2162924.6992710754,8500.53758793008,4796.0,799.3333333333334,405.8674033149171,3.4906874833595247,3.6439766987160254,1.0182654807284581,0.0,1.7724223494433025,139.62749933438099,15300.967658274141,1.0,8500.53758793008,1.0,1700.1075175860155,1.0
,2017-05,2585738.0153852203,9202.48718331598,3864.0,644.0,407.14835164835165,3.7670491791912575,6.486710145402273,1.182427622133156,0.0,2.3815960619347774,150.6819671676503,16564.47692996876,1.0,9202.48718331598,1.0,1840.4974366631955,1.0
,2017-06,3293602.475457389,10600.989300968218,2456.0,409.3333333333333,407.26229508196724,4.338313591749931,9.787726676002082,1.4150580278017848,0.0,4.316363721892597,173.53254366999727,19081.780741742798,1.0,10600.989300968218,1.0,2120.1978601936435,1.0
,2017-07,3869100.6535594068,11674.508304345978,1688.0,281.3333333333333,407.8804347826087,4.770396464578415,10.714733495617386,1.5608818054251987,0.0,6.916177905418233,190.81585858313662,21014.114947822763,1.0,11674.508304345978,1.0,2334.9016608691954,1.0
,2017-01,2977720.211791642,10317.351529504711,1476.0,246.0,484.3426966292135,3.550293212260793,15.67541430668423,1.5794279400187043,0.0,6.990075561995061,142.01172849043172,18571.232753108477,1.0,10317.351529504711,1.0,2063.4703059009416,1.0
,2017-02,3187398.522859393,10686.78749383067,1104.0,184.0,485.1005586592179,3.671674289336408,24.879438277976718,1.684289545019871,0.0,9.680061135716187,146.8669715734563,19236.217488895207,1.0,10686.78749383067,1.0,2137.3574987661336,1.0
,2017-03,3331939.9561822135,10939.25937956661,702.0,117.0,489.7888888888889,3.7224402961252956,30.691989264008058,1.7882126446493956,0.0,15.582990569183206,148.8976118450118,19690.666883219896,1.0,10939.25937956661,1.0,2187.8518759133217,1.0
,2017-04,3480221.81289145,11192.85493856377,353.0,58.833333333333336,493.45303867403317,3.7804526001232386,38.462085390471806,1.882846118205333,0.0,31.707804358537594,151.21810400492953,20147.138889414782,1.0,11192.85493856377,1.0,2238.570987712754,1.0
,2017-05,3477672.9142101104,11188.72731215417,270.0,45.0,494.5054945054945,3.771015501503813,43.659459710218925,1.9080687103656946,0.0,41.43973078575618,150.8406200601525,20139.70916187751,1.0,11188.72731215417,1.0,2237.745462430834,1.0
,2017-06,3551507.766241063,11303.929106708381,281.0,46.833333333333336,492.95081967213116,3.821858305671274,43.21989990369591,1.9060271145563696,0.0,40.22750571782342,152.87433222685092,20347.072392075082,1.0,11303.929106708381,1.0,2260.7858213416757,1.0
,2017-07,3621983.2164566666,11414.26917833331,325.0,54.166666666666664,490.5652173913044,3.8779312697814725,40.32942261886878,1.8939220449026075,0.0,35.12082824102557,155.1172507912589,20545.68452099996,1.0,11414.26917833331,1.0,2282.8538356666613,1.0
,2017-01,4138032.8822816075,12177.37992074858,476.0,79.33333333333333,218.96067415730337,9.269076869331826,27.72590431867791,1.8554501167354596,0.0,25.582730925942396,370.76307477327293,21919.283857347447,1.0,12177.37992074858,1.0,2435.4759841497157,1.0
,2017-02,4089413.776977258,12101.27513000997,445.0,74.16666666666667,218.15083798882682,9.24534238295383,29.630313207216677,1.863970856381962,0.0,27.193876696651618,369.8136953181531,21782.295234017947,1.0,12101.27513000997,1.0,2420.2550260019934,1.0
,2017-03,3899612.371296214,11811.855641490789,366.0,61.0,217.4111111111111,9.054930986986346,33.41811957835534,1.8832335297510727,0.0,32.27282962155953,362.19723947945386,21261.34015468342,1.0,11811.855641490789,1.0,2362.3711282981576,1.0
,2017-04,3620178.384613358,11403.47178137332,313.0,52.166666666666664,216.32596685082873,8.785716564204533,44.40901199827906,1.8965116095292125,0.0,36.432817192886006,351.4286625681813,20526.249206471977,1.0,11403.47178137332,1.0,2280.6943562746637,1.0
,2017-05,3477438.6957097724,11186.020682713759,276.0,46.0,215.24725274725276,8.661373172745815,65.38377100684328,1.9073356324310435,0.0,40.52906044461507,346.4549269098327,20134.837228884768,1.0,11186.020682713759,1.0,2237.2041365427513,1.0
,2017-06,3427317.8882161994,11107.166085957479,212.0,35.333333333333336,214.37704918032787,8.635226367456937,99.78279497288968,1.9274675450222158,0.0,52.39229285828999,345.4090546982776,19992.898954723463,1.0,11107.166085957479,1.0,2221.4332171914953,1.0
,2017-07,3474864.3884296627,11183.537935931248,145.0,24.166666666666668,213.55434782608697,8.728096656874458,148.54702994143838,1.9500168835353995,0.0,77.1278478340086,349.12386627497835,20130.36828467625,1.0,11183.537935931248,1.0,2236.7075871862494,1.0
,2017-01,3973887.798223439,11914.30760832301,358.0,59.666666666666664,519.7471910112359,3.820545775066198,37.77580592444254,1.8870622549602425,0.0,33.28018885006427,152.8218310026479,21445.75369498142,1.0,11914.30760832301,1.0,2382.8615216646012,1.0
,2017-02,3851592.9687194913,11723.486487046679,329.0,54.833333333333336,525.245810055866,3.7200000020941784,40.76998532670056,1.8945068863633334,0.0,35.63369752901726,148.80000008376712,21102.275676684025,1.0,11723.486487046679,1.0,2344.6972974093355,1.0
,2017-03,3489230.4206137457,11202.20014622232,313.0,52.166666666666664,539.5,3.4606735082552733,41.39086084091674,1.8956950759477502,0.0,35.789776824991435,138.42694033021095,20163.960263200177,1.0,11202.20014622232,1.0,2240.4400292444634,1.0
,2017-04,3406149.8235543123,11073.02555286948,253.0,42.166666666666664,556.9447513812155,3.313621780678881,49.08255770950308,1.9130664880573267,0.0,43.76689941845644,132.54487122715523,19931.445995165064,1.0,11073.02555286948,1.0,2214.605110573895,1.0
,2017-05,3458400.041755141,11155.88881557358,239.0,39.833333333333336,565.1098901098901,3.2901827328381,50.82096378053919,1.9182322817778454,0.0,46.677359060977324,131.60730931352398,20080.599868032445,1.0,11155.88881557358,1.0,2231.1777631147156,1.0
,2017-06,3706880.2168142297,11519.975742660808,228.0,38.0,564.8087431693989,3.3993736469732454,53.22257420846538,1.9243442666013004,0.0,50.52620939763513,135.97494587892984,20735.95633678946,1.0,11519.975742660808,1.0,2303.9951485321617,1.0
,2017-07,4276727.830697919,12288.411579723681,242.0,40.333333333333336,562.0815217391304,3.6437216265066077,52.29509286211586,1.923586060380251,0.0,50.77856024679207,145.74886506026434,22119.140843502624,1.0,12288.411579723681,1.0,2457.6823159447354,1.0
,2017-01,1016146.378033223,5887.14629604801,6033.0,1005.5,11277.033707865168,0.08700790249983942,1.1372671903652787,0.6782510521954283,0.0,0.9758240172464794,3.4803160999935763,10596.863332886418,1.0,5887.14629604801,1.0,1177.4292592096017,1.0
,2017-02,1255251.6972037917,6428.9334058941895,5506.0,917.6666666666666,11386.486033519554,0.09410180610840907,1.6814385075692588,0.7839622903977245,0.0,1.1676232121130021,3.7640722443363632,11572.080130609542,1.0,6428.9334058941895,1.0,1285.7866811788376,1.0
,2017-03,1482263.5446267556,7005.843436008241,4756.0,792.6666666666666,11614.622222222222,0.10053194588059843,2.1411492208793184,0.9044102462975445,0.0,1.473053708159849,4.021277835223936,12610.518184814833,1.0,7005.843436008241,1.0,1401.1686872016476,1.0
,2017-04,1683829.0612835623,7648.069281675151,3996.0,666.0,11866.45856353591,0.10741858717051825,2.390683864846675,1.008350073853428,0.0,1.913931251670458,4.29674348682073,13766.524707015269,1.0,7648.069281675151,1.0,1529.6138563350298,1.0
,2017-05,1695570.947546643,7687.33158470223,3974.0,662.3333333333334,12013.065934065935,0.10665236816444106,2.3998315928030944,1.0128557049421698,0.0,1.9344065386769578,4.266094726577641,13837.196852464014,1.0,7687.33158470223,1.0,1537.466316940446,1.0
,2017-06,1742004.8143994801,7811.150797230361,4041.0,673.5,12026.88524590164,0.10824568785577213,2.4078150559217493,1.0160787862171903,0.0,1.932974708545004,4.329827514230884,14060.07143501465,1.0,7811.150797230361,1.0,1562.2301594460716,1.0
,2017-07,1720896.9594241872,7764.505829554371,4531.0,755.1666666666666,11975.614130434782,0.10805995340455629,2.2064744006516275,0.9612413380898173,0.0,1.7136406598001261,4.322398136182251,13976.110493197868,1.0,7764.505829554371,1.0,1552.9011659108737,1.0
,2017-01,3993772.2918124795,11922.13057323459,611.0,101.83333333333333,505.75280898876406,3.928839794639498,25.22543695661217,1.8101446106432457,0.0,19.512488663231736,157.1535917855799,21459.835031822266,1.0,11922.13057323459,1.0,2384.4261146469175,1.0
,2017-02,3777370.166714949,11595.88254425781,574.0,95.66666666666667,505.1899441340782,3.825585036183356,28.453150484348907,1.8185412747007748,0.0,20.201885965605943,153.0234014473342,20872.58857966406,1.0,11595.88254425781,1.0,2319.1765088515613,1.0
,2017-03,3417628.649364392,11071.13106947105,609.0,101.5,509.9166666666667,3.618607965180928,22.96104843785213,1.8038925616850578,0.0,18.17919715840895,144.74431860723712,19928.035925047894,1.0,11071.13106947105,1.0,2214.2262138942096,1.0
,2017-04,3252090.414361736,10815.913652236111,571.0,95.16666666666667,511.62983425414365,3.5233525386583446,24.438249155165703,1.8119891883495882,0.0,18.942055432987935,140.93410154633375,19468.644574025,1.0,10815.913652236111,1.0,2163.1827304472213,1.0
,2017-05,3279316.7385261985,10858.721466535839,535.0,89.16666666666667,513.1153846153846,3.527056419183117,26.46830987566555,1.8232459974338424,0.0,20.296675638384745,141.08225676732468,19545.698639764512,1.0,10858.721466535839,1.0,2171.7442933071675,1.0
,2017-06,3661211.190439191,11428.0951914697,391.0,65.16666666666667,510.8469945355191,3.7284794709293028,32.64043617522688,1.8704751729413527,0.0,29.227864939820204,149.1391788371721,20570.57134464546,1.0,11428.0951914697,1.0,2285.6190382939394,1.0
,2017-07,4158872.7512319903,12133.87277681593,313.0,52.166666666666664,508.1358695652174,3.979864934942888,45.079038018648504,1.8988269251958136,0.0,38.76636669909243,159.1945973977155,21840.970998268676,1.0,12133.87277681593,1.0,2426.7745553631853,1.0
,2017-01,2513283.0122377314,9396.793816211879,4275.0,712.5,378.09550561797755,4.1421605901985465,2.618832255588251,1.0673403342061138,0.0,2.1980804248448838,165.68642360794192,16914.228869181385,1.0,9396.793816211879,1.0,1879.3587632423757,1.0
,2017-02,2367545.7080018558,9160.39991858022,3996.0,666.0,386.0446927374302,3.9548097629249983,3.6379980579983013,1.1177393604602435,0.0,2.2923923720170722,158.19239051699995,16488.719853444396,1.0,9160.39991858022,1.0,1832.079983716044,1.0
,2017-03,2394726.3474148903,9207.47571578019,3307.0,551.1666666666666,392.8888888888889,3.905886191648836,5.666268248507099,1.2392093338287296,0.0,2.784238196486299,156.23544766595344,16573.45628840434,1.0,9207.47571578019,1.0,1841.495143156038,1.0
,2017-04,2528842.671015818,9445.927424623891,2449.0,408.1666666666667,394.0662983425414,3.995066931780193,9.877668758598926,1.3966033889299918,0.0,3.857054889597342,159.8026772712077,17002.669364323003,1.0,9445.927424623891,1.0,1889.1854849247777,1.0
,2017-05,2756209.779757382,9865.985173685789,1667.0,277.8333333333333,393.11538461538464,4.182819921661783,13.332295620541563,1.5525752022711001,0.0,5.918407422726928,167.31279686647133,17758.773312634425,1.0,9865.985173685789,1.0,1973.1970347371575,1.0
,2017-06,3123165.9004241726,10586.25619692148,880.0,146.66666666666666,391.4590163934426,4.5071794464607,16.390505801817103,1.7224315692948318,0.0,12.029836587410774,180.287177858428,19055.261154458665,1.0,10586.25619692148,1.0,2117.251239384296,1.0
,2017-07,3390170.7764204587,11032.85207482567,660.0,110.0,389.6195652173913,4.719497795526859,18.26461510086583,1.7872571129947736,0.0,16.716442537614654,188.7799118210744,19859.133734686206,1.0,11032.85207482567,1.0,2206.5704149651333,1.0
